Workbook

Sheet Read me
B2: Aurora — Role Preference: alignment export (PAB-6118)
B4: What this is
B5: The export of the Power App's preference data, with two blank columns for the Aurora team to fill in: the role each person has been aligned to, and the reasoning behind it.
B7: What to fill in
B8: Only the two amber columns on the 'Aurora Export' sheet:
B9: • S — Assigned Role. Type the role name exactly as it appears in the app's role list.
B10: • T — Assigned Role Reason. 150 words maximum. Shown to the person word for word.
B11: Everything in columns A–R comes out of the app and should not be edited: if something there is wrong, it needs fixing in the app's data, not here.
B13: Two columns the app cannot fill
B14: Current Role (D) and Line Manager (G) are not held in the app's database — they come from the HR sheet used to build it. VLOOKUP them in on Employee Number (column I), or add the two columns to the People table so future exports carry them.
B16: Checking the 150 words
B17: The 'Checks' sheet counts the words in every reason as you type and flags anything over 150. Nothing stops you going over — but the app shows the whole reason, so an over-long one makes the alignment page harder to read.
... B25: • Leave the grey example row in place — delete row 5 of 'Aurora Export' before sending it back.

Sheet Aurora Export
A1: Aurora — Role Preference export (PAB-6118)
A2: Columns A–R are exported from the Power App and must not be edited. Fill in the two amber columns S and T only — one row per person. Column T is capped at 150 words; the count in the Checks sheet turns red above it.
A4: First Name | B4: Last Name | C4: Email Address | D4: Current Role | E4: Area | F4: Team | G4: Line Manager | H4: Grade | I4: Employee Number | J4: Preference 1 | K4: P1 Supporting Answer 1 | L4: P1 Supporting Answer 2 | M4: Preference 2 | N4: P2 Supporting Answer 1 | O4: P2 Supporting Answer 2 | P4: Preference 3 | Q4: P3 Supporting Answer 1 | R4: P3 Supporting Answer 2 | S4: Assigned Role | T4: Assigned Role Reason (150 Words Max)
A5: Sam | B5: Patel | C5: sam.patel@environment-agency.gov.uk | D5: Project Support Officer | E5: Devon, Cornwall & Isles of Scilly | F5: Area Programme | G5: R. Okafor | H5: SG6 | I5: 60412 | J5: Governance & Decision Support | K5: I have run board secretariat for the area programme board for three years… | L5: PRINCE2 Practitioner; five years in a PMO environment… | M5: Stakeholder Management | N5: I already hold the supplier relationships for the flood programme… | O5: Negotiated two framework renewals in 2025… | P5: Risk & Dependency Management | Q5: I maintain the area risk register and chair the monthly review… | R5: Trained risk facilitator; ISO 31000 familiarity… | S5: Governance & Decision Support | T5: EXAMPLE ROW — DELETE BEFORE USE. Your ranking, your supporting answers and the shape of the new structure were considered together when this role was matched to you…

Sheet Checks
A1: Word-count check on 'Assigned Role Reason'
A2: One row per row of the Aurora Export sheet. Anything over 150 words is flagged — the app shows the reason in full, so an over-long one will not fit the panel neatly.
A4: Row | B4: Employee Number | C4: Assigned Role set? | D4: Words in reason | E4: Status
A5: 6 | B5: ='Aurora Export'!I6 | C5: =IF(LEN(TRIM('Aurora Export'!S6))>0,"Yes","") | D5: =IF(LEN(TRIM('Aurora Export'!T6))=0,0,LEN(TRIM('Aurora Export'!T6))-LEN(SUBSTITUTE(TRIM('Aurora Export'!T6)," ",""))+1) | E5: =IF(LEN(TRIM('Aurora Export'!T6))=0,"Not written yet",IF(D5>150,"OVER 150 WORDS","OK"))
A6: 7 | B6: ='Aurora Export'!I7 | C6: =IF(LEN(TRIM('Aurora Export'!S7))>0,"Yes","") | D6: =IF(LEN(TRIM('Aurora Export'!T7))=0,0,LEN(TRIM('Aurora Export'!T7))-LEN(SUBSTITUTE(TRIM('Aurora Export'!T7)," ",""))+1) | E6: =IF(LEN(TRIM('Aurora Export'!T7))=0,"Not written yet",IF(D6>150,"OVER 150 WORDS","OK"))
A7: 8 | B7: ='Aurora Export'!I8 | C7: =IF(LEN(TRIM('Aurora Export'!S8))>0,"Yes","") | D7: =IF(LEN(TRIM('Aurora Export'!T8))=0,0,LEN(TRIM('Aurora Export'!T8))-LEN(SUBSTITUTE(TRIM('Aurora Export'!T8)," ",""))+1) | E7: =IF(LEN(TRIM('Aurora Export'!T8))=0,"Not written yet",IF(D7>150,"OVER 150 WORDS","OK"))
A8: 9 | B8: ='Aurora Export'!I9 | C8: =IF(LEN(TRIM('Aurora Export'!S9))>0,"Yes","") | D8: =IF(LEN(TRIM('Aurora Export'!T9))=0,0,LEN(TRIM('Aurora Export'!T9))-LEN(SUBSTITUTE(TRIM('Aurora Export'!T9)," ",""))+1) | E8: =IF(LEN(TRIM('Aurora Export'!T9))=0,"Not written yet",IF(D8>150,"OVER 150 WORDS","OK"))
A9: 10 | B9: ='Aurora Export'!I10 | C9: =IF(LEN(TRIM('Aurora Export'!S10))>0,"Yes","") | D9: =IF(LEN(TRIM('Aurora Export'!T10))=0,0,LEN(TRIM('Aurora Export'!T10))-LEN(SUBSTITUTE(TRIM('Aurora Export'!T10)," ",""))+1) | E9: =IF(LEN(TRIM('Aurora Export'!T10))=0,"Not written yet",IF(D9>150,"OVER 150 WORDS","OK"))
A10: 11 | B10: ='Aurora Export'!I11 | C10: =IF(LEN(TRIM('Aurora Export'!S11))>0,"Yes","") | D10: =IF(LEN(TRIM('Aurora Export'!T11))=0,0,LEN(TRIM('Aurora Export'!T11))-LEN(SUBSTITUTE(TRIM('Aurora Export'!T11)," ",""))+1) | E10: =IF(LEN(TRIM('Aurora Export'!T11))=0,"Not written yet",IF(D10>150,"OVER 150 WORDS","OK"))
A11: 12 | B11: ='Aurora Export'!I12 | C11: =IF(LEN(TRIM('Aurora Export'!S12))>0,"Yes","") | D11: =IF(LEN(TRIM('Aurora Export'!T12))=0,0,LEN(TRIM('Aurora Export'!T12))-LEN(SUBSTITUTE(TRIM('Aurora Export'!T12)," ",""))+1) | E11: =IF(LEN(TRIM('Aurora Export'!T12))=0,"Not written yet",IF(D11>150,"OVER 150 WORDS","OK"))
A12: 13 | B12: ='Aurora Export'!I13 | C12: =IF(LEN(TRIM('Aurora Export'!S13))>0,"Yes","") | D12: =IF(LEN(TRIM('Aurora Export'!T13))=0,0,LEN(TRIM('Aurora Export'!T13))-LEN(SUBSTITUTE(TRIM('Aurora Export'!T13)," ",""))+1) | E12: =IF(LEN(TRIM('Aurora Export'!T13))=0,"Not written yet",IF(D12>150,"OVER 150 WORDS","OK"))
A13: 14 | B13: ='Aurora Export'!I14 | C13: =IF(LEN(TRIM('Aurora Export'!S14))>0,"Yes","") | D13: =IF(LEN(TRIM('Aurora Export'!T14))=0,0,LEN(TRIM('Aurora Export'!T14))-LEN(SUBSTITUTE(TRIM('Aurora Export'!T14)," ",""))+1) | E13: =IF(LEN(TRIM('Aurora Export'!T14))=0,"Not written yet",IF(D13>150,"OVER 150 WORDS","OK"))
A14: 15 | B14: ='Aurora Export'!I15 | C14: =IF(LEN(TRIM('Aurora Export'!S15))>0,"Yes","") | D14: =IF(LEN(TRIM('Aurora Export'!T15))=0,0,LEN(TRIM('Aurora Export'!T15))-LEN(SUBSTITUTE(TRIM('Aurora Export'!T15)," ",""))+1) | E14: =IF(LEN(TRIM('Aurora Export'!T15))=0,"Not written yet",IF(D14>150,"OVER 150 WORDS","OK"))
A15: 16 | B15: ='Aurora Export'!I16 | C15: =IF(LEN(TRIM('Aurora Export'!S16))>0,"Yes","") | D15: =IF(LEN(TRIM('Aurora Export'!T16))=0,0,LEN(TRIM('Aurora Export'!T16))-LEN(SUBSTITUTE(TRIM('Aurora Export'!T16)," ",""))+1) | E15: =IF(LEN(TRIM('Aurora Export'!T16))=0,"Not written yet",IF(D15>150,"OVER 150 WORDS","OK"))
A16: 17 | B16: ='Aurora Export'!I17 | C16: =IF(LEN(TRIM('Aurora Export'!S17))>0,"Yes","") | D16: =IF(LEN(TRIM('Aurora Export'!T17))=0,0,LEN(TRIM('Aurora Export'!T17))-LEN(SUBSTITUTE(TRIM('Aurora Export'!T17)," ",""))+1) | E16: =IF(LEN(TRIM('Aurora Export'!T17))=0,"Not written yet",IF(D16>150,"OVER 150 WORDS","OK"))
... A204: 205 | B204: ='Aurora Export'!I205 | C204: =IF(LEN(TRIM('Aurora Export'!S205))>0,"Yes","") | D204: =IF(LEN(TRIM('Aurora Export'!T205))=0,0,LEN(TRIM('Aurora Export'!T205))-LEN(SUBSTITUTE(TRIM('Aurora Export'!T205)," ",""))+1) | E204: =IF(LEN(TRIM('Aurora Export'!T205))=0,"Not written yet",IF(D204>150,"OVER 150 WORDS","OK"))
